{
"autoplayBgm":false,"autoplayBgs":false,"battleback1Name":"","battleback2Name":"","bgm":{"name":"","pan":0,"pitch":100,"volume":90},"bgs":{"name":"","pan":0,"pitch":100,"volume":90},"disableDashing":false,"displayName":"Outside","encounterList":[],"encounterStep":30,"height":13,"note":"","parallaxLoopX":false,"parallaxLoopY":false,"parallaxName":"","parallaxShow":true,"parallaxSx":0,"parallaxSy":0,"scrollType":0,"specifyBattleback":false,"tilesetId":2,"width":13,
"data":[1552,1552,2856,2844,2844,2844,2844,2844,2844,2844,2844,2854,1595,1552,1552,1552,1552,1552,1552,1552,1552,1552,1552,1552,1552,1552,1552,1552,1552,1552,1552,1552,1552,1552,1552,1552,1552,1552,1552,1552,1552,1552,1552,1552,1552,1552,1552,1552,1552,1552,1552,1552,1552,1552,1552,1552,1552,1552,1552,1552,1552,1552,1552,1552,1552,1552,1552,1552,1552,1552,1552,1552,1552,1552,1552,1552,1552,1552,1586,1586,1586,1552,1552,1552,1552,1552,1552,1552,1552,1552,1552,1552,1556,1556,1552,1552,1552,1552,1552,1552,1552,1552,1552,1552,1556,1556,6218,1552,1552,1552,1552,1552,1552,1552,1552,1552,1552,1556,1552,6208,1552,1552,1552,1552,1552,1552,1552,1552,1552,1552,1552,1552,6208,1552,1552,1552,1552,1552,1552,1552,1552,1552,1552,1552,1552,6217,6209,6221,1552,1552,1552,1552,6219,6209,6209,6209,1552,1552,6571,6574,1552,1552,1552,1552,1552,6571,6570,6570,6574,0,0,0,0,0,0,0,0,0,0,0,0,0,0,0,0,0,0,0,0,0,0,0,0,0,0,0,0,0,0,0,0,0,0,0,0,0,0,0,0,0,0,0,0,0,0,0,0,0,0,0,0,0,0,0,0,0,0,0,0,0,0,0,0,0,0,0,0,0,0,0,0,0,0,0,0,0,0,0,0,0,0,0,0,0,0,0,0,0,0,0,0,0,0,0,0,0,0,0,0,0,0,0,0,0,0,0,0,0,0,0,0,0,0,0,0,0,0,0,0,0,0,0,0,0,0,0,0,0,0,0,0,0,0,0,0,0,0,0,0,0,0,0,0,0,0,0,0,0,0,0,0,0,0,0,0,0,0,0,0,0,0,0,0,0,0,0,0,0,789,789,792,792,792,793,792,789,792,788,792,792,789,91,0,0,0,0,792,792,792,0,93,0,0,0,0,0,0,0,0,792,792,802,100,0,0,0,0,0,97,0,0,0,792,792,792,816,0,0,0,0,0,0,92,0,0,802,792,792,0,0,0,0,0,74,74,74,0,0,792,792,792,0,0,0,0,0,0,0,0,0,0,792,792,792,0,0,0,0,0,0,0,0,0,0,792,802,792,0,0,0,0,113,0,0,0,0,0,792,792,792,0,0,120,112,115,0,0,0,0,0,802,792,792,0,0,0,0,0,0,0,0,0,0,792,792,792,0,0,120,123,0,0,0,0,0,802,792,792,792,810,0,0,0,0,0,0,0,0,802,792,792,792,818,0,0,0,0,40,204,788,788,788,789,787,779,788,93,788,789,196,78,78,0,107,337,802,802,802,338,94,0,0,0,0,0,78,0,345,802,802,810,346,101,0,91,0,0,78,0,112,113,802,802,802,779,817,0,0,78,776,0,102,120,121,810,802,802,810,810,0,112,113,73,73,73,800,801,802,802,802,810,810,112,114,115,0,0,0,793,793,802,802,802,808,809,120,115,114,107,0,0,808,809,802,810,802,808,809,112,114,115,0,0,0,816,817,802,802,802,810,810,87,115,114,0,0,0,816,817,810,802,802,810,810,112,114,115,0,107,0,808,809,802,802,802,810,810,779,122,123,0,0,0,0,337,802,802,802,338,0,0,0,0,0,779,0,0,345,802,802,802,346,0,0,0,0,0,0,0,0,0,0,0,0,0,0,0,0,0,0,0,0,0,0,0,0,0,0,0,0,0,0,0,0,0,0,0,0,0,0,0,0,0,0,0,0,0,0,0,0,0,0,0,0,0,0,0,0,0,0,0,0,0,0,0,0,0,0,0,0,0,0,0,0,0,0,0,0,0,0,0,0,0,0,0,0,0,0,0,0,0,0,0,0,0,0,0,0,0,0,0,0,0,0,0,0,0,0,0,0,0,0,0,0,0,0,0,0,0,0,0,0,0,0,0,0,5,0,0,0,0,0,0,0,0,0,0,0,0,5,0,0,0,0,0,0,0,0,0,0,0,0,0,0,0,0,0,0,0,0,0,0,0,0,0,0,5,0,0,0,0,0,0,0,0,0,0,0,0,0,0,0,0,0,0,0,0,0,0,0,0,0,0,0,0,0,0,0,0,0,0,0,0,0,0,0,0,0,0,0,0,0,0,0,0,0,0,0,0,0,0,0,0,0,0,0,0,0,0,0,0,0,0,0,0,0,0,0,0,0,0,0,0,0,0,0,0,0,0,0,0,0,0,0,0,0,0,0,0,0,0,0,0,0,0,0,0,0,0,0,0,0,0,0,0,0,0,0,0,0,0,0,0,0,0,0,0,0,0,0,0,0,0,0,0,0,0,0,0,0,0,0,0,0,0,0,0,0,0,0,0,0,0,0,0,0,0,0,0,0,0,0,0,0,0,0,0,0,0,0,0,0,0,0,0,0,0,0,0,0,0,0,0,0],
"events":[
null,
{"id":1,"name":"EnterSchool","note":"This will move you inside school","pages":[{"conditions":{"actorId":1,"actorValid":false,"itemId":1,"itemValid":false,"selfSwitchCh":"A","selfSwitchValid":false,"switch1Id":1,"switch1Valid":false,"switch2Id":1,"switch2Valid":false,"variableId":1,"variableValid":false,"variableValue":0},"directionFix":false,"image":{"characterIndex":0,"characterName":"","direction":2,"pattern":0,"tileId":0},"list":[{"code":101,"indent":0,"parameters":["",0,1,1]},{"code":401,"indent":0,"parameters":["Do you wanna enter school?"]},{"code":102,"indent":0,"parameters":[["Yes, let's go","Give me a minute..."],1,1,1,1]},{"code":402,"indent":0,"parameters":[0,"Yes, let's go"]},{"code":111,"indent":1,"parameters":[8,3]},{"code":101,"indent":2,"parameters":["",0,1,1]},{"code":401,"indent":2,"parameters":["You can't enter school right now! "]},{"code":401,"indent":2,"parameters":["Come back later."]},{"code":0,"indent":2,"parameters":[]},{"code":411,"indent":1,"parameters":[]},{"code":101,"indent":2,"parameters":["",0,1,1]},{"code":401,"indent":2,"parameters":["You went to school..."]},{"code":201,"indent":2,"parameters":[0,2,9,12,0,0]},{"code":0,"indent":2,"parameters":[]},{"code":412,"indent":1,"parameters":[]},{"code":0,"indent":1,"parameters":[]},{"code":402,"indent":0,"parameters":[1,"Give me a minute..."]},{"code":0,"indent":1,"parameters":[]},{"code":404,"indent":0,"parameters":[]},{"code":0,"indent":0,"parameters":[]}],"moveFrequency":3,"moveRoute":{"list":[{"code":0,"parameters":[]}],"repeat":true,"skippable":false,"wait":false},"moveSpeed":3,"moveType":0,"priorityType":0,"stepAnime":false,"through":false,"trigger":1,"walkAnime":true}],"x":6,"y":1},
{"id":2,"name":"SecretRoom-trigger","note":"loupatou z haly vykope hrob - objekt který vymění u babince","pages":[{"conditions":{"actorId":1,"actorValid":false,"itemId":1,"itemValid":false,"selfSwitchCh":"A","selfSwitchValid":false,"switch1Id":1,"switch1Valid":false,"switch2Id":1,"switch2Valid":false,"variableId":1,"variableValid":false,"variableValue":0},"directionFix":false,"image":{"characterIndex":0,"characterName":"","direction":2,"pattern":0,"tileId":0},"list":[{"code":111,"indent":0,"parameters":[8,5]},{"code":201,"indent":1,"parameters":[0,11,0,2,2,0]},{"code":126,"indent":1,"parameters":[5,1,0,1]},{"code":214,"indent":1,"parameters":[]},{"code":0,"indent":1,"parameters":[]},{"code":411,"indent":0,"parameters":[]},{"code":101,"indent":1,"parameters":["",0,0,2]},{"code":401,"indent":1,"parameters":["I don't know what to do with this now..."]},{"code":101,"indent":1,"parameters":["",0,0,2]},{"code":401,"indent":1,"parameters":["Maybe there is something I can do later"]},{"code":0,"indent":1,"parameters":[]},{"code":412,"indent":0,"parameters":[]},{"code":0,"indent":0,"parameters":[]}],"moveFrequency":3,"moveRoute":{"list":[{"code":0,"parameters":[]}],"repeat":true,"skippable":false,"wait":false},"moveSpeed":3,"moveType":0,"priorityType":1,"stepAnime":false,"through":false,"trigger":0,"walkAnime":true}],"x":1,"y":3},
{"id":3,"name":"Milan","note":"","pages":[{"conditions":{"actorId":1,"actorValid":false,"itemId":1,"itemValid":false,"selfSwitchCh":"A","selfSwitchValid":false,"switch1Id":1,"switch1Valid":false,"switch2Id":1,"switch2Valid":false,"variableId":1,"variableValid":false,"variableValue":0},"directionFix":false,"image":{"tileId":0,"characterName":"Milan","direction":4,"pattern":0,"characterIndex":0},"list":[{"code":101,"indent":0,"parameters":["Milan",0,0,2]},{"code":401,"indent":0,"parameters":["We don't have anything bad in school today..."]},{"code":101,"indent":0,"parameters":["Milan",0,0,2]},{"code":401,"indent":0,"parameters":["We aren't writing any tests today, are we ?"]},{"code":214,"indent":0,"parameters":[]},{"code":0,"indent":0,"parameters":[]}],"moveFrequency":3,"moveRoute":{"list":[{"code":0,"parameters":[]}],"repeat":true,"skippable":false,"wait":false},"moveSpeed":3,"moveType":0,"priorityType":1,"stepAnime":false,"through":false,"trigger":0,"walkAnime":true}],"x":9,"y":8},
{"id":4,"name":"Exit","note":"","pages":[{"conditions":{"actorId":1,"actorValid":false,"itemId":1,"itemValid":false,"selfSwitchCh":"A","selfSwitchValid":false,"switch1Id":1,"switch1Valid":false,"switch2Id":1,"switch2Valid":false,"variableId":1,"variableValid":false,"variableValue":0},"directionFix":false,"image":{"tileId":0,"characterName":"!SF_Door2","direction":2,"pattern":0,"characterIndex":6},"list":[{"code":101,"indent":0,"parameters":["",0,0,2]},{"code":401,"indent":0,"parameters":["This action will end this demo!"]},{"code":111,"indent":0,"parameters":[1,2,0,1,0]},{"code":221,"indent":1,"parameters":[]},{"code":101,"indent":1,"parameters":["",0,2,2]},{"code":401,"indent":1,"parameters":["Thanks for playing this demo."]},{"code":401,"indent":1,"parameters":["Maybe in future this may get some updates :D"]},{"code":354,"indent":1,"parameters":[]},{"code":0,"indent":1,"parameters":[]},{"code":411,"indent":0,"parameters":[]},{"code":101,"indent":1,"parameters":["",0,0,2]},{"code":401,"indent":1,"parameters":["You can't exit yet, you weren't even inside!"]},{"code":0,"indent":1,"parameters":[]},{"code":412,"indent":0,"parameters":[]},{"code":0,"indent":0,"parameters":[]}],"moveFrequency":3,"moveRoute":{"list":[{"code":0,"parameters":[]}],"repeat":true,"skippable":false,"wait":false},"moveSpeed":3,"moveType":0,"priorityType":1,"stepAnime":false,"through":false,"trigger":0,"walkAnime":true}],"x":6,"y":12}
]
}