[
null,
{"id":1,"expanded":true,"name":"Start-End_outside","order":1,"parentId":0,"scrollX":832,"scrollY":640},
{"id":2,"expanded":true,"name":"Hall","order":3,"parentId":0,"scrollX":728,"scrollY":409.77777777777777},
{"id":3,"expanded":false,"name":"K1","order":4,"parentId":2,"scrollX":728,"scrollY":409.77777777777777},
{"id":4,"expanded":true,"name":"Class-Hall","order":6,"parentId":0,"scrollX":728,"scrollY":409.77777777777777},
{"id":5,"expanded":true,"name":"Class-1Floor","order":7,"parentId":4,"scrollX":546,"scrollY":307.3333333333333},
{"id":6,"expanded":true,"name":"Class-4Floor","order":10,"parentId":4,"scrollX":728,"scrollY":409.77777777777777},
{"id":7,"expanded":false,"name":"B2","order":8,"parentId":5,"scrollX":728,"scrollY":409.77777777777777},
{"id":8,"expanded":false,"name":"B3","order":9,"parentId":5,"scrollX":728,"scrollY":409.77777777777777},
{"id":9,"expanded":true,"name":"B9","order":12,"parentId":6,"scrollX":728,"scrollY":409.77777777777777},
{"id":10,"expanded":false,"name":"B8","order":11,"parentId":6,"scrollX":728,"scrollY":409.77777777777777},
{"id":11,"expanded":false,"name":"Secret","order":2,"parentId":1,"scrollX":832,"scrollY":640},
{"id":12,"expanded":false,"name":"Skříňky","order":5,"parentId":2,"scrollX":728,"scrollY":409.77777777777777}
]